{"cameraMode":{"drawMode":0,"name":"Shaded","section":"Shading Mode"},"sceneLighting":true,"audioPlay":false,"sceneViewState":{"showFog":true,"showMaterialUpdate":false,"showSkybox":true,"showFlares":true,"showImageEffects":true,"showParticleSystems":true},"in2DMode":false,"pivot":{"x":418.8266906738281,"y":326.33355712890627,"z":353.017333984375},"rotation":{"x":-0.010492819361388684,"y":-0.03689833730459213,"z":0.00039330520667135715,"w":-0.9992842674255371},"size":504.8912658691406,"orthographic":false}