{"cameraMode":{"drawMode":0,"name":"Shaded","section":"Shading Mode"},"sceneLighting":false,"audioPlay":false,"sceneViewState":{"showFog":true,"showMaterialUpdate":false,"showSkybox":false,"showFlares":true,"showImageEffects":true,"showParticleSystems":true},"in2DMode":false,"pivot":{"x":-0.24822282791137696,"y":0.2032666802406311,"z":-3.8917741775512697},"rotation":{"x":0.0016192151233553887,"y":-0.991995632648468,"z":-0.1256566345691681,"w":-0.012785211205482483},"size":1.2647161483764649,"orthographic":false}