{"cameraMode":{"drawMode":0,"name":"Shaded","section":"Shading Mode"},"sceneLighting":true,"audioPlay":false,"sceneViewState":{"showFog":true,"showMaterialUpdate":false,"showSkybox":true,"showFlares":true,"showImageEffects":true,"showParticleSystems":true},"in2DMode":false,"pivot":{"x":53.08158874511719,"y":-48.173980712890628,"z":23.112585067749025},"rotation":{"x":-0.3237147033214569,"y":-0.5169032216072083,"z":0.21976536512374879,"w":-0.761411190032959},"size":51.01408767700195,"orthographic":false}