{"cameraMode":{"drawMode":0,"name":"Shaded","section":"Shading Mode"},"sceneLighting":true,"audioPlay":false,"sceneViewState":{"showFog":true,"showMaterialUpdate":false,"showSkybox":true,"showFlares":true,"showImageEffects":true,"showParticleSystems":true},"in2DMode":false,"pivot":{"x":486.33343505859377,"y":291.626953125,"z":31.6458740234375},"rotation":{"x":0.09422960132360459,"y":-0.05224214866757393,"z":0.004950784146785736,"w":0.9941727519035339},"size":336.23065185546877,"orthographic":false}