{"cameraMode":{"drawMode":0,"name":"Shaded","section":"Shading Mode"},"sceneLighting":true,"audioPlay":false,"sceneViewState":{"showFog":true,"showMaterialUpdate":false,"showSkybox":true,"showFlares":true,"showImageEffects":true,"showParticleSystems":true},"in2DMode":false,"pivot":{"x":-0.836461067199707,"y":-2.182565212249756,"z":3.1071181297302248},"rotation":{"x":0.30576276779174807,"y":-0.3132627308368683,"z":0.10730043798685074,"w":0.8926745653152466},"size":6.783864974975586,"orthographic":false}