{"cameraMode":{"drawMode":0,"name":"Shaded","section":"Shading Mode"},"sceneLighting":true,"audioPlay":false,"sceneViewState":{"showFog":true,"showMaterialUpdate":false,"showSkybox":true,"showFlares":true,"showImageEffects":true,"showParticleSystems":true},"in2DMode":false,"pivot":{"x":21.978858947753908,"y":-33.1610107421875,"z":30.145584106445314},"rotation":{"x":-0.34692513942718508,"y":-0.26691803336143496,"z":0.10368167608976364,"w":-0.8931285738945007},"size":68.64618682861328,"orthographic":false}