{"cameraMode":{"drawMode":0,"name":"Shaded","section":"Shading Mode"},"sceneLighting":true,"audioPlay":false,"sceneViewState":{"showFog":true,"showMaterialUpdate":false,"showSkybox":true,"showFlares":true,"showImageEffects":true,"showParticleSystems":true},"in2DMode":false,"pivot":{"x":4.5006561279296879,"y":-3.446249008178711,"z":0.7925643920898438},"rotation":{"x":0.18581534922122956,"y":0.6113049983978272,"z":-0.1505671739578247,"w":0.754401683807373},"size":13.042764663696289,"orthographic":false}