{"cameraMode":{"drawMode":0,"name":"Shaded","section":"Shading Mode"},"sceneLighting":true,"audioPlay":false,"sceneViewState":{"showFog":true,"showMaterialUpdate":false,"showSkybox":true,"showFlares":true,"showImageEffects":true,"showParticleSystems":true},"in2DMode":false,"pivot":{"x":242.3623046875,"y":188.69058227539063,"z":-36.056884765625},"rotation":{"x":-0.31795379519462588,"y":-0.16051773726940156,"z":0.05471432954072952,"w":-0.9328269958496094},"size":178.91622924804688,"orthographic":false}